context_capacity,arena_mib,streaming_status,streaming_vram_used_mib,streaming_process_rss_mib,streaming_system_ram_used_mib,baseline_status,baseline_vram_used_mib,baseline_process_rss_mib,baseline_system_ram_used_mib,baseline_error
131072,8192,ok,28969,4536.75,67244.12890625,ok,24693,1261.2421875,67314.92578125,
262144,8192,ok,29001,7838.8984375,67331.44921875,ok,28408,1331.30078125,67195.4765625,
393216,8192,ok,28923,11140.91796875,69211.67578125,failed,,,,"server exited with status -6: #0  __syscall_cancel_arch () at ../sysdeps/unix/sysv/linux/x86_64/syscall_cancel.S:56
56	in ../sysdeps/unix/sysv/linux/x86_64/syscall_cancel.S
#1  0x00007ca873ca061c in __internal_syscall_cancel (a1=<optimized out>, a2=<optimized out>, a3=<optimized out>, a4=<optimized out>, a5=0, a6=0, nr=61) at ./nptl/cancellation.c:49
⚠️ warning: 49	./nptl/cancellation.c: No such file or directory
#2  __syscall_cancel (a1=<optimized out>, a2=<optimized out>, a3=<optimized out>, a4=<optimized out>, a5=a5@entry=0, a6=a6@entry=0, nr=61) at ./nptl/cancellation.c:75
75	in ./nptl/cancellation.c
#3  0x00007ca873d1cd4f in __GI___wait4 (pid=<optimized out>, stat_loc=<optimized out>, options=<optimized out>, usage=<optimized out>) at ../sysdeps/unix/sysv/linux/wait4.c:30
⚠️ warning: 30	../sysdeps/unix/sysv/linux/wait4.c: No such file or directory
#4  0x00007ca8743150f3 in ggml_print_backtrace () from /mnt/storage/Projects/llama-cpp-turboquant/build/bin/libggml-base.so.0
#5  0x00007ca8743152a6 in ggml_abort () from /mnt/storage/Projects/llama-cpp-turboquant/build/bin/libggml-base.so.0
#6  0x00007ca863130c25 in ggml_cuda_error(char const*, char const*, char const*, int, char const*) () from /mnt/storage/Projects/llama-cpp-turboquant/build/bin/libggml-cuda.so.0
#7  0x00007ca8632d5c6e in ggml_cuda_mul_mat_vec_q(ggml_backend_cuda_context&, ggml_tensor const*, ggml_tensor const*, ggml_tensor const*, ggml_tensor*, ggml_cuda_mm_fusion_args_host const*, bool) () from /mnt/storage/Projects/llama-cpp-turboquant/build/bin/libggml-cuda.so.0
#8  0x00007ca8631400d0 in ggml_cuda_mul_mat(ggml_backend_cuda_context&, ggml_tensor const*, ggml_tensor const*, ggml_tensor*) () from /mnt/storage/Projects/llama-cpp-turboquant/build/bin/libggml-cuda.so.0
#9  0x00007ca86314a2f2 in ggml_cuda_graph_evaluate_and_capture(ggml_backend_cuda_context*, ggml_cgraph*, bool, bool, unsigned long) () from /mnt/storage/Projects/llama-cpp-turboquant/build/bin/libggml-cuda.so.0
#10 0x00007ca86314c16f in ggml_backend_cuda_graph_compute(ggml_backend*, ggml_cgraph*) () from /mnt/storage/Projects/llama-cpp-turboquant/build/bin/libggml-cuda.so.0
#11 0x00007ca8743362ff in ggml_backend_sched_compute_splits(ggml_backend_sched*) () from /mnt/storage/Projects/llama-cpp-turboquant/build/bin/libggml-base.so.0
#12 0x00007ca8730fbd90 in llama_context::graph_compute(ggml_cgraph*, bool) () from /mnt/storage/Projects/llama-cpp-turboquant/build/bin/libllama.so.0
#13 0x00007ca873103e78 in llama_context::process_ubatch(llama_ubatch const&, llm_graph_type, llama_memory_context_i*, ggml_status&) () from /mnt/storage/Projects/llama-cpp-turboquant/build/bin/libllama.so.0
#14 0x00007ca873109878 in llama_context::decode(llama_batch const&) () from /mnt/storage/Projects/llama-cpp-turboquant/build/bin/libllama.so.0
#15 0x00007ca87310b652 in llama_decode () from /mnt/storage/Projects/llama-cpp-turboquant/build/bin/libllama.so.0
#16 0x00007ca87384db27 in common_context_can_seq_rm(llama_context*) () from /mnt/storage/Projects/llama-cpp-turboquant/build/bin/libllama-common.so.0
#17 0x00007ca8745e4dca in server_context_impl::load_model(common_params&) () from /mnt/storage/Projects/llama-cpp-turboquant/build/bin/libllama-server-impl.so
#18 0x00007ca874504385 in llama_server(common_params&, int, char**) () from /mnt/storage/Projects/llama-cpp-turboquant/build/bin/libllama-server-impl.so
#19 0x00007ca87450689b in llama_server(int, char**) () from /mnt/storage/Projects/llama-cpp-turboquant/build/bin/libllama-server-impl.so
#20 0x00007ca873c2a601 in __libc_start_call_main (main=main@entry=0x589b44c242f0 <main>, argc=argc@entry=39, argv=argv@entry=0x7ffe14089a18) at ../sysdeps/nptl/libc_start_call_main.h:59
⚠️ warning: 59	../sysdeps/nptl/libc_start_call_main.h: No such file or directory
#21 0x00007ca873c2a718 in __libc_start_main_impl (main=0x589b44c242f0 <main>, argc=39, argv=0x7ffe14089a18, init=<optimized out>, fini=<optimized out>, rtld_fini=<optimized out>, stack_end=0x7ffe14089a08) at ../csu/libc-start.c:360
⚠️ warning: 360	../csu/libc-start.c: No such file or directory
#22 0x0000589b44c24325 in _start ()
[Inferior 1 (process 1400365) detached]"
524288,8192,ok,28923,14443.046875,72585.37109375,,,,,
655360,8192,ok,28994,17745.04296875,75746.796875,,,,,
786432,8192,ok,28859,21047.0390625,79153.69921875,,,,,
